movimentacao_id,cliente_id,tipo_movimentacao,valor,data_movimentacao
1,1,transferência,3348.11,2025-02-13
2,2,transferência,4373.97,2025-02-10
3,3,depósito,3301.93,2025-02-17
4,4,saque,2034.26,2025-01-17
5,5,saque,2545.41,2025-02-08
6,6,depósito,3479.51,2025-03-13
7,7,transferência,4362.66,2025-04-12
8,8,saque,4987.40,2025-03-23
9,9,saque,4713.16,2025-03-22
10,10,saque,4654.22,2025-04-10
11,11,depósito,4535.03,2025-04-05
12,12,depósito,1397.45,2025-01-24
13,13,depósito,3279.14,2025-03-18
14,14,transferência,3666.20,2025-03-08
15,15,depósito,1660.82,2025-01-30
16,16,transferência,1565.91,2025-05-09
17,17,transferência,305.89,2025-04-16
18,18,transferência,3269.58,2025-04-15
19,19,depósito,1099.28,2025-03-26
20,20,depósito,4946.67,2025-03-29
21,21,saque,4432.19,2025-01-02
22,22,depósito,3004.66,2025-04-09
23,23,depósito,1858.08,2025-02-26
24,24,depósito,639.72,2025-01-08
25,25,transferência,1787.24,2025-04-22
26,26,depósito,3622.62,2025-04-11
27,27,saque,3666.09,2025-04-22
28,28,depósito,1546.54,2025-02-09
29,29,saque,4714.28,2025-01-10
30,30,depósito,4862.76,2025-02-27
31,31,transferência,2742.14,2025-04-15
32,32,depósito,575.42,2025-01-31
33,33,depósito,1409.86,2025-01-29
34,34,depósito,1206.55,2025-04-08
35,35,depósito,3799.22,2025-04-27
36,36,depósito,4088.16,2025-05-10
37,37,depósito,1301.05,2025-02-17
38,38,depósito,3985.76,2025-04-24
39,39,saque,3150.00,2025-03-19
40,40,depósito,1137.74,2025-03-14
41,41,saque,3560.17,2025-04-02
42,42,depósito,2078.05,2025-02-15
43,43,depósito,2002.66,2025-04-28
44,44,depósito,3414.39,2025-04-01
45,45,transferência,2062.97,2025-04-10
46,46,transferência,2954.77,2025-01-27
47,47,saque,1205.97,2025-05-10
48,48,depósito,1596.91,2025-01-06
49,49,saque,4133.94,2025-03-30
50,50,transferência,4298.72,2025-05-06
51,51,transferência,2891.28,2025-03-29
52,52,depósito,3653.37,2025-02-24
53,53,depósito,301.95,2025-03-09
54,54,saque,2480.94,2025-01-16
55,55,transferência,2844.48,2025-04-17
56,56,saque,2494.75,2025-02-16
57,57,saque,3302.55,2025-05-04
58,58,depósito,2826.93,2025-03-06
59,59,transferência,54.17,2025-04-02
60,60,depósito,1682.89,2025-04-14
61,61,depósito,1847.00,2025-03-20
62,62,depósito,3493.74,2025-04-02
63,63,transferência,4712.80,2025-03-17
64,64,saque,3294.31,2025-03-25
65,65,transferência,4870.51,2025-01-07
66,66,saque,3791.33,2025-01-19
67,67,saque,209.62,2025-01-31
68,68,depósito,599.74,2025-03-26
69,69,depósito,4786.47,2025-04-20
70,70,transferência,1183.54,2025-04-13
71,71,transferência,2090.65,2025-01-14
72,72,saque,4608.31,2025-02-08
73,73,saque,3152.38,2025-04-25
74,74,depósito,4279.12,2025-03-06
75,75,transferência,866.73,2025-03-14
76,76,transferência,410.18,2025-01-22
77,77,transferência,1521.77,2025-03-15
78,78,transferência,2883.38,2025-01-16
79,79,saque,3453.35,2025-01-29
80,80,depósito,228.67,2025-03-13
81,81,depósito,2007.00,2025-02-11
82,82,depósito,3261.36,2025-02-09
83,83,saque,669.51,2025-04-21
84,84,transferência,3941.60,2025-05-08
85,85,depósito,2034.32,2025-04-21
86,86,transferência,3052.34,2025-02-20
87,87,transferência,4412.27,2025-05-05
88,88,depósito,1130.04,2025-04-06
89,89,saque,1510.68,2025-03-26
90,90,saque,1583.75,2025-02-10
91,91,depósito,716.92,2025-02-26
92,92,saque,559.16,2025-02-06
93,93,depósito,3264.36,2025-02-12
94,94,saque,551.51,2025-02-11
95,95,transferência,305.81,2025-03-09
96,96,depósito,2544.52,2025-05-11
97,97,saque,3808.28,2025-04-18
98,98,transferência,1561.90,2025-01-24
99,99,saque,2620.72,2025-03-30
100,100,saque,2691.69,2025-05-11
101,101,saque,1728.81,2025-04-19
102,102,saque,4162.81,2025-01-22
103,103,saque,1035.23,2025-04-22
104,104,depósito,761.94,2025-03-14
105,105,saque,4932.07,2025-03-26
106,106,transferência,1467.95,2025-01-24
107,107,transferência,242.60,2025-02-01
108,108,transferência,1852.02,2025-03-09
109,109,transferência,3858.61,2025-01-02
110,110,transferência,344.01,2025-03-24
111,111,saque,1328.56,2025-02-26
112,112,depósito,434.89,2025-04-04
113,113,saque,4814.94,2025-04-06
114,114,saque,4145.47,2025-02-04
115,115,saque,2117.72,2025-03-23
116,116,saque,2628.99,2025-04-05
117,117,depósito,633.14,2025-03-25
118,118,transferência,1726.32,2025-03-25
119,119,depósito,4857.60,2025-04-09
120,120,depósito,1164.37,2025-04-20
121,121,transferência,3603.39,2025-04-20
122,122,depósito,2776.84,2025-02-22
123,123,depósito,1602.16,2025-05-08
124,124,depósito,1824.26,2025-04-14
125,125,saque,1689.74,2025-01-23
126,126,saque,3173.33,2025-01-03
127,127,saque,1700.58,2025-03-12
128,128,saque,3676.94,2025-01-02
129,129,transferência,345.61,2025-01-24
130,130,transferência,3890.12,2025-02-02
131,131,saque,1120.75,2025-04-03
132,132,depósito,4507.87,2025-04-20
133,133,depósito,3776.37,2025-02-10
134,134,depósito,4126.11,2025-03-16
135,135,depósito,2964.10,2025-04-03
136,136,depósito,580.62,2025-04-20
137,137,saque,3526.97,2025-02-24
138,138,saque,4491.72,2025-02-12
139,139,transferência,1847.38,2025-01-16
140,140,depósito,4602.13,2025-03-02
141,141,saque,391.64,2025-01-02
142,142,depósito,4937.37,2025-04-20
143,143,depósito,161.70,2025-02-07
144,144,transferência,4211.17,2025-03-19
145,145,transferência,2264.22,2025-02-12
146,146,transferência,3641.80,2025-03-19
147,147,saque,2253.76,2025-03-12
148,148,depósito,4325.13,2025-03-29
149,149,transferência,2883.96,2025-05-06
150,150,saque,1290.54,2025-04-01
151,151,saque,3271.46,2025-01-23
152,152,transferência,3222.28,2025-05-10
153,153,depósito,4895.88,2025-01-05
154,154,depósito,3742.88,2025-04-29
155,155,transferência,706.78,2025-05-06
156,156,depósito,3099.31,2025-02-23
157,157,saque,815.55,2025-02-23
158,158,saque,4498.45,2025-01-19
159,159,saque,1907.92,2025-01-01
160,160,transferência,2209.64,2025-02-28
161,161,transferência,4669.54,2025-03-14
162,162,depósito,1499.65,2025-03-09
163,163,saque,1845.07,2025-03-26
164,164,transferência,1460.02,2025-04-26
165,165,depósito,1145.61,2025-05-02
166,166,depósito,3821.17,2025-04-12
167,167,depósito,1382.49,2025-03-27
168,168,saque,3207.13,2025-02-08
169,169,transferência,610.52,2025-03-04
170,170,depósito,524.39,2025-04-01
171,171,transferência,4079.16,2025-02-10
172,172,transferência,3572.06,2025-03-17
173,173,transferência,2949.64,2025-02-04
174,174,transferência,4319.22,2025-01-18
175,175,transferência,2681.56,2025-03-12
176,176,depósito,4683.98,2025-04-02
177,177,saque,4609.39,2025-01-11
178,178,saque,617.10,2025-02-02
179,179,depósito,1277.87,2025-01-14
180,180,saque,3652.50,2025-05-05
181,181,saque,1778.82,2025-01-21
182,182,transferência,4883.36,2025-04-05
183,183,transferência,1750.86,2025-01-07
184,184,depósito,3029.82,2025-01-16
185,185,transferência,334.13,2025-01-28
186,186,saque,944.10,2025-03-25
187,187,depósito,1022.15,2025-01-10
188,188,depósito,760.04,2025-02-09
189,189,depósito,1303.20,2025-04-25
190,190,transferência,1984.05,2025-01-02
191,191,saque,291.21,2025-02-19
192,192,depósito,781.50,2025-02-04
193,193,saque,1269.16,2025-02-02
194,194,saque,4455.81,2025-03-03
195,195,transferência,4314.36,2025-03-14
196,196,depósito,2262.86,2025-01-02
197,197,depósito,338.27,2025-04-26
198,198,depósito,585.68,2025-05-05
199,199,transferência,807.57,2025-03-18
200,200,depósito,2045.44,2025-05-06
201,201,saque,2467.49,2025-01-18
202,202,transferência,4190.73,2025-04-03
203,203,saque,73.05,2025-02-17
204,204,depósito,1245.45,2025-04-28
205,205,depósito,4564.94,2025-04-13
206,206,saque,1840.31,2025-04-22
207,207,depósito,520.03,2025-01-29
208,208,saque,1065.78,2025-03-22
209,209,depósito,2653.63,2025-01-11
210,210,transferência,2359.96,2025-04-26
211,211,depósito,1588.50,2025-01-04
212,212,depósito,1582.00,2025-03-15
213,213,transferência,1953.52,2025-04-12
214,214,transferência,796.87,2025-03-01
215,215,depósito,4707.98,2025-01-04
216,216,depósito,2496.34,2025-03-30
217,217,transferência,895.75,2025-02-19
218,218,depósito,4983.67,2025-02-22
219,219,saque,970.15,2025-02-09
220,220,transferência,1537.18,2025-01-24
221,221,depósito,2308.90,2025-02-25
222,222,depósito,2808.72,2025-01-23
223,223,transferência,4518.63,2025-03-19
224,224,depósito,3055.28,2025-04-24
225,225,depósito,4262.11,2025-03-31
226,226,transferência,4862.14,2025-04-25
227,227,depósito,4848.82,2025-04-21
228,228,depósito,4422.47,2025-01-01
229,229,saque,755.53,2025-02-09
230,230,depósito,4210.79,2025-02-15
231,231,transferência,3983.15,2025-01-07
232,232,depósito,498.23,2025-01-09
233,233,depósito,3175.56,2025-02-02
234,234,saque,4620.10,2025-01-14
235,235,transferência,4310.02,2025-02-07
236,236,transferência,3028.16,2025-01-05
237,237,saque,1610.02,2025-01-26
238,238,transferência,2591.85,2025-03-31
239,239,transferência,2937.37,2025-04-07
240,240,depósito,3513.67,2025-01-14
241,241,saque,557.41,2025-05-07
242,242,depósito,1395.10,2025-03-08
243,243,depósito,3142.10,2025-04-15
244,244,transferência,1520.71,2025-02-23
245,245,transferência,2689.41,2025-04-24
246,246,saque,2879.98,2025-01-04
247,247,depósito,524.46,2025-05-10
248,248,transferência,4261.15,2025-02-15
249,249,saque,1429.18,2025-04-17
250,250,transferência,4348.05,2025-02-18
251,251,transferência,1283.10,2025-01-18
252,252,saque,2570.85,2025-03-09
253,253,saque,1467.45,2025-05-12
254,254,saque,4381.92,2025-04-27
255,255,transferência,647.06,2025-04-06
256,256,depósito,4186.68,2025-01-07
257,257,depósito,1567.05,2025-01-25
258,258,saque,2406.99,2025-03-07
259,259,depósito,3108.90,2025-05-08
260,260,transferência,4264.65,2025-04-11
261,261,saque,3990.56,2025-03-02
262,262,saque,2476.57,2025-04-27
263,263,saque,3970.28,2025-03-01
264,264,saque,394.93,2025-02-06
265,265,transferência,4703.21,2025-01-22
266,266,saque,100.07,2025-04-21
267,267,transferência,4030.19,2025-02-02
268,268,transferência,4826.43,2025-03-22
269,269,depósito,832.00,2025-04-19
270,270,transferência,3959.62,2025-01-31
271,271,transferência,289.14,2025-05-09
272,272,transferência,1287.79,2025-03-09
273,273,depósito,2769.82,2025-04-11
274,274,depósito,4561.31,2025-01-31
275,275,transferência,3378.29,2025-04-16
276,276,depósito,2769.85,2025-03-21
277,277,depósito,4828.12,2025-03-24
278,278,depósito,1179.14,2025-01-23
279,279,depósito,2195.18,2025-01-30
280,280,depósito,4877.22,2025-04-07
281,281,saque,3796.89,2025-01-06
282,282,transferência,997.36,2025-01-02
283,283,saque,1004.60,2025-02-03
284,284,depósito,1404.05,2025-04-17
285,285,saque,1345.22,2025-01-02
286,286,depósito,1664.86,2025-02-24
287,287,depósito,2981.18,2025-01-27
288,288,saque,1519.35,2025-01-12
289,289,depósito,4598.92,2025-02-18
290,290,depósito,4904.68,2025-04-10
291,291,saque,2799.68,2025-05-11
292,292,transferência,2262.07,2025-04-11
293,293,transferência,4422.59,2025-01-13
294,294,transferência,1474.88,2025-01-06
295,295,transferência,2983.93,2025-02-13
296,296,depósito,1526.99,2025-04-11
297,297,transferência,3361.78,2025-01-23
298,298,saque,3053.50,2025-04-24
299,299,transferência,3949.99,2025-04-08
300,300,transferência,3018.48,2025-02-20
301,301,depósito,3283.72,2025-03-30
302,302,transferência,2986.52,2025-03-05
303,303,saque,4152.37,2025-01-07
304,304,transferência,3424.33,2025-02-09
305,305,transferência,4510.68,2025-01-27
306,306,transferência,2378.94,2025-03-25
307,307,saque,2297.14,2025-03-22
308,308,saque,3535.66,2025-03-30
309,309,saque,4754.53,2025-02-26
310,310,saque,4469.11,2025-01-03
311,311,transferência,961.66,2025-01-25
312,312,saque,3950.87,2025-01-10
313,313,transferência,907.69,2025-03-18
314,314,saque,679.50,2025-02-13
315,315,depósito,2795.03,2025-02-21
316,316,saque,3437.98,2025-01-29
317,317,transferência,3134.43,2025-04-28
318,318,transferência,4561.07,2025-01-09
319,319,transferência,779.19,2025-03-22
320,320,saque,2906.34,2025-03-22
321,321,saque,782.77,2025-02-13
322,322,depósito,3205.81,2025-03-31
323,323,saque,1875.16,2025-02-13
324,324,transferência,727.14,2025-01-09
325,325,saque,672.85,2025-05-07
326,326,transferência,1334.64,2025-04-04
327,327,saque,4493.49,2025-03-29
328,328,saque,3158.08,2025-03-05
329,329,transferência,242.01,2025-03-17
330,330,saque,4260.71,2025-02-01
331,331,transferência,3928.62,2025-03-20
332,332,saque,3773.90,2025-03-24
333,333,depósito,1474.97,2025-04-26
334,334,depósito,4286.17,2025-04-21
335,335,saque,3114.61,2025-03-13
336,336,saque,4331.51,2025-03-10
337,337,saque,2474.87,2025-05-06
338,338,saque,2099.82,2025-04-13
339,339,transferência,1408.67,2025-04-11
340,340,saque,648.80,2025-01-16
341,341,depósito,955.15,2025-01-03
342,342,saque,2326.90,2025-02-28
343,343,transferência,4499.39,2025-02-10
344,344,saque,456.87,2025-05-04
345,345,depósito,134.97,2025-05-03
346,346,saque,1009.49,2025-01-03
347,347,saque,246.65,2025-01-12
348,348,saque,2656.43,2025-03-15
349,349,depósito,2541.20,2025-04-24
350,350,transferência,3625.58,2025-03-14
351,351,transferência,1667.44,2025-02-07
352,352,saque,4710.37,2025-04-21
353,353,depósito,2264.58,2025-01-18
354,354,depósito,670.58,2025-04-26
355,355,depósito,1716.88,2025-02-08
356,356,depósito,4333.71,2025-01-24
357,357,depósito,678.12,2025-05-11
358,358,transferência,649.42,2025-04-22
359,359,transferência,4509.37,2025-03-17
360,360,saque,775.92,2025-04-05
361,361,transferência,4374.28,2025-04-17
362,362,saque,2857.18,2025-05-11
363,363,saque,2075.13,2025-01-14
364,364,depósito,3206.22,2025-03-20
365,365,depósito,4387.68,2025-04-02
366,366,transferência,785.33,2025-01-01
367,367,saque,4669.98,2025-04-24
368,368,transferência,2103.42,2025-03-03
369,369,depósito,4853.83,2025-04-16
370,370,saque,3077.42,2025-05-11
371,371,depósito,2041.44,2025-01-27
372,372,saque,1945.05,2025-04-29
373,373,saque,1032.19,2025-01-23
374,374,depósito,712.19,2025-04-06
375,375,transferência,440.34,2025-03-25
376,376,saque,2821.04,2025-05-03
377,377,depósito,807.02,2025-02-08
378,378,depósito,3474.67,2025-01-09
379,379,depósito,1709.39,2025-02-09
380,380,depósito,811.68,2025-04-24
381,381,transferência,1983.94,2025-02-19
382,382,depósito,4266.96,2025-05-01
383,383,depósito,3328.26,2025-03-13
384,384,depósito,2302.21,2025-04-17
385,385,saque,690.25,2025-02-15
386,386,depósito,1754.66,2025-04-09
387,387,saque,475.90,2025-04-10
388,388,transferência,1008.31,2025-04-28
389,389,transferência,838.47,2025-04-10
390,390,depósito,289.79,2025-04-17
391,391,depósito,501.54,2025-01-10
392,392,saque,3946.35,2025-04-12
393,393,depósito,91.56,2025-03-19
394,394,saque,1484.88,2025-05-06
395,395,transferência,4948.17,2025-04-25
396,396,depósito,4035.79,2025-02-07
397,397,transferência,3920.06,2025-02-03
398,398,depósito,1444.60,2025-04-13
399,399,saque,3036.91,2025-01-04
400,400,transferência,4575.17,2025-03-06
401,401,depósito,2515.28,2025-02-22
402,402,depósito,471.86,2025-02-06
403,403,saque,3525.54,2025-02-06
404,404,saque,940.92,2025-03-24
405,405,saque,2579.33,2025-02-05
406,406,saque,3724.90,2025-02-06
407,407,saque,1214.58,2025-03-27
408,408,transferência,2625.96,2025-02-21
409,409,transferência,3650.73,2025-01-18
410,410,saque,2906.74,2025-02-22
411,411,saque,2660.01,2025-05-07
412,412,saque,2085.11,2025-01-08
413,413,depósito,713.68,2025-02-07
414,414,depósito,909.66,2025-01-05
415,415,transferência,2060.84,2025-02-20
416,416,transferência,2544.92,2025-01-12
417,417,saque,3249.05,2025-05-11
418,418,transferência,4501.64,2025-03-05
419,419,depósito,154.94,2025-01-04
420,420,depósito,4750.58,2025-04-16
421,421,transferência,4874.74,2025-01-01
422,422,depósito,2279.81,2025-04-12
423,423,transferência,667.54,2025-03-24
424,424,saque,3046.85,2025-01-18
425,425,saque,1176.91,2025-04-15
426,426,depósito,3154.50,2025-02-25
427,427,saque,2252.91,2025-04-08
428,428,saque,764.87,2025-03-02
429,429,saque,4613.70,2025-01-31
430,430,depósito,2597.40,2025-02-07
431,431,transferência,2655.34,2025-04-04
432,432,transferência,1257.43,2025-05-01
433,433,depósito,3729.83,2025-01-06
434,434,depósito,4344.68,2025-04-13
435,435,transferência,4540.39,2025-03-12
436,436,transferência,2814.29,2025-01-17
437,437,transferência,2128.92,2025-02-16
438,438,depósito,2603.00,2025-02-16
439,439,saque,255.47,2025-03-01
440,440,depósito,2097.24,2025-04-07
441,441,saque,2698.52,2025-03-30
442,442,depósito,2883.13,2025-02-03
443,443,transferência,128.98,2025-01-13
444,444,depósito,4652.09,2025-04-14
445,445,saque,3068.57,2025-04-05
446,446,depósito,2335.98,2025-04-17
447,447,saque,2216.14,2025-01-21
448,448,saque,141.18,2025-03-18
449,449,depósito,481.08,2025-03-03
450,450,saque,1859.91,2025-04-26
451,451,transferência,1875.71,2025-01-26
452,452,saque,3883.59,2025-03-15
453,453,saque,3938.58,2025-03-17
454,454,saque,4751.16,2025-01-01
455,455,depósito,261.99,2025-04-04
456,456,transferência,1905.12,2025-01-13
457,457,saque,3975.89,2025-01-15
458,458,saque,1545.00,2025-01-01
459,459,depósito,4132.07,2025-02-28
460,460,transferência,4870.58,2025-04-15
461,461,saque,1118.59,2025-04-21
462,462,depósito,3334.01,2025-04-29
463,463,saque,3482.89,2025-02-15
464,464,depósito,3035.43,2025-04-26
465,465,depósito,3354.14,2025-03-09
466,466,transferência,2744.51,2025-04-20
467,467,depósito,1820.12,2025-04-04
468,468,depósito,3653.37,2025-05-08
469,469,transferência,2163.36,2025-01-04
470,470,depósito,1242.65,2025-03-23
471,471,depósito,447.33,2025-04-01
472,472,depósito,2178.96,2025-02-10
473,473,saque,3592.60,2025-05-11
474,474,depósito,3395.29,2025-03-05
475,475,saque,2339.28,2025-04-24
476,476,transferência,4928.82,2025-04-23
477,477,transferência,3488.01,2025-03-24
478,478,saque,322.39,2025-01-28
479,479,saque,438.69,2025-02-01
480,480,transferência,3510.68,2025-02-16
481,481,saque,658.32,2025-02-07
482,482,saque,4475.52,2025-03-10
483,483,transferência,1602.16,2025-03-08
484,484,depósito,3342.07,2025-01-30
485,485,transferência,322.12,2025-04-27
486,486,saque,1426.40,2025-05-09
487,487,saque,4860.33,2025-04-13
488,488,transferência,2831.44,2025-02-27
489,489,saque,4517.24,2025-01-09
490,490,saque,3922.58,2025-03-19
491,491,transferência,2944.82,2025-01-28
492,492,depósito,2059.47,2025-03-01
493,493,saque,1510.45,2025-01-22
494,494,transferência,86.21,2025-05-09
495,495,transferência,3446.35,2025-02-14
496,496,depósito,1101.38,2025-04-08
497,497,saque,1677.97,2025-03-11
498,498,depósito,3438.06,2025-03-06
499,499,depósito,2532.05,2025-03-11
500,500,saque,3570.18,2025-02-22
501,501,transferência,1022.94,2025-01-12
502,502,transferência,3924.70,2025-02-08
503,503,saque,4200.19,2025-04-13
504,504,saque,1434.75,2025-01-06
505,505,depósito,2212.45,2025-03-30
506,506,saque,2273.76,2025-01-10
507,507,transferência,4779.20,2025-01-05
508,508,transferência,2918.87,2025-04-30
509,509,transferência,585.50,2025-02-25
510,510,depósito,2367.26,2025-03-18
511,511,transferência,3095.72,2025-03-24
512,512,depósito,1965.27,2025-01-27
513,513,depósito,2134.86,2025-01-28
514,514,transferência,3506.86,2025-01-27
515,515,transferência,3704.51,2025-01-29
516,516,depósito,2350.68,2025-05-04
517,517,depósito,475.23,2025-04-20
518,518,transferência,2412.32,2025-03-12
519,519,saque,3496.05,2025-05-08
520,520,transferência,248.88,2025-04-13
521,521,saque,4251.82,2025-03-27
522,522,saque,637.98,2025-04-18
523,523,depósito,3394.31,2025-04-28
524,524,transferência,2485.89,2025-01-06
525,525,transferência,663.84,2025-01-04
526,526,saque,491.49,2025-01-08
527,527,transferência,106.46,2025-02-28
528,528,depósito,2125.41,2025-02-06
529,529,transferência,55.77,2025-05-11
530,530,transferência,3436.14,2025-04-26
531,531,depósito,1785.22,2025-03-09
532,532,transferência,2287.99,2025-04-13
533,533,depósito,556.54,2025-03-13
534,534,depósito,4152.80,2025-02-14
535,535,saque,2029.98,2025-04-14
536,536,transferência,1549.45,2025-05-01
537,537,saque,756.26,2025-04-18
538,538,transferência,4350.46,2025-01-06
539,539,transferência,4316.79,2025-02-18
540,540,transferência,464.58,2025-01-13
541,541,saque,3179.82,2025-02-18
542,542,transferência,4165.99,2025-01-19
543,543,depósito,4989.87,2025-03-18
544,544,depósito,483.67,2025-03-06
545,545,transferência,821.18,2025-04-09
546,546,transferência,1127.78,2025-04-18
547,547,depósito,4408.03,2025-03-08
548,548,saque,3475.18,2025-02-10
549,549,transferência,1151.75,2025-01-23
550,550,saque,1646.59,2025-03-13
551,551,depósito,1729.18,2025-03-28
552,552,saque,2345.21,2025-01-23
553,553,transferência,2867.15,2025-02-18
554,554,transferência,4767.31,2025-02-14
555,555,transferência,4139.35,2025-01-31
556,556,depósito,84.34,2025-04-23
557,557,transferência,3296.16,2025-01-31
558,558,depósito,3130.83,2025-01-22
559,559,transferência,4327.91,2025-04-25
560,560,transferência,2880.85,2025-05-05
561,561,saque,3992.27,2025-01-21
562,562,depósito,615.20,2025-01-07
563,563,saque,1918.85,2025-05-12
564,564,depósito,3042.84,2025-01-24
565,565,saque,2365.53,2025-03-27
566,566,depósito,575.56,2025-01-09
567,567,transferência,824.38,2025-04-17
568,568,depósito,483.79,2025-02-16
569,569,saque,4883.90,2025-04-20
570,570,transferência,371.93,2025-03-12
571,571,transferência,635.13,2025-01-04
572,572,depósito,324.11,2025-04-04
573,573,depósito,1691.00,2025-01-08
574,574,depósito,67.10,2025-01-25
575,575,saque,1533.03,2025-01-08
576,576,transferência,434.70,2025-02-20
577,577,saque,3595.25,2025-01-29
578,578,depósito,4815.60,2025-04-02
579,579,depósito,1013.00,2025-04-02
580,580,depósito,4952.65,2025-01-10
581,581,depósito,3445.45,2025-04-12
582,582,depósito,368.21,2025-03-03
583,583,depósito,2039.48,2025-04-27
584,584,depósito,3617.72,2025-03-21
585,585,saque,4198.66,2025-01-07
586,586,depósito,188.26,2025-01-23
587,587,transferência,294.79,2025-04-22
588,588,depósito,2544.55,2025-02-20
589,589,transferência,4939.94,2025-04-30
590,590,transferência,612.28,2025-03-09
591,591,saque,106.46,2025-03-15
592,592,transferência,167.39,2025-03-29
593,593,saque,1542.03,2025-03-26
594,594,saque,4043.76,2025-01-08
595,595,transferência,3911.19,2025-01-27
596,596,saque,3736.02,2025-01-04
597,597,transferência,4913.51,2025-02-09
598,598,transferência,546.25,2025-01-14
599,599,saque,4100.54,2025-02-01
600,600,depósito,2559.22,2025-02-22
601,601,saque,1520.41,2025-04-04
602,602,saque,4132.94,2025-03-26
603,603,depósito,4159.09,2025-02-02
604,604,depósito,1298.81,2025-02-10
605,605,saque,3042.36,2025-02-28
606,606,transferência,3644.31,2025-04-04
607,607,saque,1502.02,2025-04-19
608,608,transferência,2212.79,2025-04-18
609,609,transferência,2714.70,2025-05-02
610,610,transferência,733.95,2025-04-30
611,611,depósito,4902.04,2025-01-30
612,612,depósito,3281.00,2025-03-06
613,613,depósito,3040.27,2025-04-02
614,614,transferência,2630.11,2025-02-04
615,615,depósito,700.57,2025-04-30
616,616,transferência,2818.30,2025-03-18
617,617,transferência,1452.99,2025-01-17
618,618,transferência,3225.77,2025-05-11
619,619,saque,3695.18,2025-02-10
620,620,depósito,2845.87,2025-03-11
621,621,transferência,2550.76,2025-04-06
622,622,depósito,3935.17,2025-03-18
623,623,saque,2661.17,2025-05-03
624,624,depósito,812.99,2025-03-17
625,625,transferência,1708.56,2025-02-18
626,626,saque,4311.58,2025-02-11
627,627,depósito,620.57,2025-02-18
628,628,saque,187.18,2025-04-04
629,629,saque,3839.84,2025-04-24
630,630,depósito,1059.61,2025-04-27
631,631,depósito,4944.02,2025-01-02
632,632,depósito,1629.18,2025-03-07
633,633,transferência,4829.12,2025-05-10
634,634,saque,4829.04,2025-05-12
635,635,transferência,2013.91,2025-01-31
636,636,depósito,4519.61,2025-01-29
637,637,saque,2230.20,2025-02-19
638,638,saque,2297.70,2025-02-09
639,639,saque,3995.05,2025-01-05
640,640,transferência,2469.78,2025-01-19
641,641,saque,2770.96,2025-02-07
642,642,depósito,315.30,2025-02-13
643,643,depósito,498.74,2025-01-03
644,644,depósito,3536.32,2025-03-27
645,645,transferência,3972.89,2025-05-08
646,646,transferência,4212.79,2025-05-02
647,647,transferência,4634.25,2025-04-02
648,648,saque,4232.64,2025-02-05
649,649,transferência,4412.47,2025-01-23
650,650,depósito,519.21,2025-03-22
651,651,saque,4695.09,2025-04-30
652,652,transferência,2318.53,2025-01-18
653,653,saque,4959.72,2025-01-05
654,654,saque,4049.87,2025-02-24
655,655,transferência,4008.26,2025-02-12
656,656,saque,3000.37,2025-04-09
657,657,depósito,1491.32,2025-03-14
658,658,saque,4865.00,2025-04-16
659,659,saque,1228.18,2025-04-15
660,660,saque,3937.12,2025-03-24
661,661,transferência,1676.90,2025-04-12
662,662,transferência,3573.23,2025-02-17
663,663,transferência,2931.23,2025-03-12
664,664,depósito,4550.50,2025-01-08
665,665,transferência,4389.11,2025-01-25
666,666,transferência,1697.49,2025-01-22
667,667,saque,3462.15,2025-01-07
668,668,transferência,2058.41,2025-04-29
669,669,transferência,2956.45,2025-05-02
670,670,saque,2841.69,2025-04-29
671,671,transferência,2919.17,2025-02-07
672,672,saque,1012.81,2025-03-20
673,673,saque,4277.81,2025-02-24
674,674,transferência,4644.27,2025-03-04
675,675,saque,147.33,2025-01-29
676,676,transferência,3381.18,2025-01-03
677,677,transferência,2605.51,2025-01-22
678,678,depósito,1942.50,2025-03-18
679,679,depósito,270.49,2025-01-06
680,680,transferência,3102.81,2025-03-05
681,681,depósito,4289.27,2025-04-19
682,682,saque,4563.06,2025-01-23
683,683,transferência,3933.78,2025-04-04
684,684,depósito,2396.59,2025-04-02
685,685,transferência,4854.41,2025-01-01
686,686,transferência,798.64,2025-02-07
687,687,depósito,4589.00,2025-03-20
688,688,saque,1210.99,2025-01-03
689,689,saque,4082.50,2025-03-01
690,690,transferência,1224.19,2025-01-19
691,691,transferência,2698.90,2025-01-12
692,692,saque,1110.75,2025-04-07
693,693,transferência,547.26,2025-04-01
694,694,depósito,3892.05,2025-01-01
695,695,saque,1756.30,2025-02-11
696,696,depósito,1963.61,2025-01-04
697,697,transferência,2121.49,2025-01-28
698,698,depósito,3967.58,2025-04-05
699,699,transferência,2365.19,2025-01-20
700,700,depósito,1722.00,2025-01-20
701,701,depósito,4397.52,2025-02-12
702,702,transferência,3726.97,2025-03-26
703,703,transferência,567.18,2025-02-04
704,704,transferência,3372.74,2025-03-29
705,705,transferência,1653.75,2025-02-24
706,706,saque,372.07,2025-04-11
707,707,transferência,4716.65,2025-03-15
708,708,saque,2561.24,2025-01-15
709,709,transferência,3927.42,2025-02-04
710,710,transferência,739.59,2025-03-13
711,711,saque,243.15,2025-04-24
712,712,transferência,3213.41,2025-01-10
713,713,transferência,3546.45,2025-04-26
714,714,depósito,3601.99,2025-05-05
715,715,saque,1877.35,2025-01-02
716,716,saque,1882.62,2025-01-19
717,717,depósito,1568.08,2025-01-13
718,718,depósito,2083.62,2025-04-28
719,719,depósito,166.51,2025-04-30
720,720,saque,1820.69,2025-01-21
721,721,transferência,3659.60,2025-03-28
722,722,depósito,3750.82,2025-04-09
723,723,saque,4674.82,2025-01-26
724,724,transferência,4622.47,2025-05-08
725,725,saque,2166.55,2025-02-21
726,726,transferência,1734.79,2025-01-29
727,727,depósito,320.85,2025-03-12
728,728,saque,4599.90,2025-02-05
729,729,transferência,2653.30,2025-03-19
730,730,transferência,4002.76,2025-04-06
731,731,depósito,3881.57,2025-03-16
732,732,saque,2401.55,2025-03-28
733,733,depósito,703.28,2025-01-20
734,734,depósito,2001.99,2025-01-08
735,735,transferência,4726.22,2025-04-24
736,736,transferência,1045.91,2025-04-23
737,737,transferência,2765.55,2025-01-19
738,738,depósito,4882.51,2025-04-21
739,739,transferência,4494.24,2025-03-02
740,740,depósito,3709.16,2025-04-09
741,741,transferência,1082.92,2025-02-28
742,742,depósito,3863.27,2025-04-22
743,743,saque,4367.79,2025-01-26
744,744,transferência,3494.47,2025-03-20
745,745,depósito,389.33,2025-02-03
746,746,transferência,3269.43,2025-02-22
747,747,saque,2265.65,2025-03-22
748,748,transferência,308.84,2025-03-24
749,749,depósito,2481.23,2025-03-26
750,750,saque,4046.55,2025-04-03
751,751,transferência,745.64,2025-03-09
752,752,saque,1079.19,2025-04-12
753,753,transferência,2372.40,2025-04-18
754,754,transferência,166.88,2025-04-16
755,755,saque,3251.58,2025-03-16
756,756,saque,2561.37,2025-02-14
757,757,depósito,361.42,2025-01-25
758,758,depósito,1293.11,2025-01-11
759,759,transferência,863.38,2025-04-14
760,760,transferência,2780.99,2025-01-01
761,761,depósito,4788.85,2025-05-10
762,762,transferência,4158.68,2025-02-17
763,763,transferência,680.53,2025-02-15
764,764,saque,2901.83,2025-03-16
765,765,transferência,912.75,2025-03-03
766,766,saque,4525.46,2025-02-10
767,767,transferência,317.15,2025-03-29
768,768,saque,3925.31,2025-02-09
769,769,transferência,664.46,2025-01-03
770,770,transferência,1187.48,2025-01-14
771,771,transferência,3116.86,2025-02-08
772,772,depósito,1410.69,2025-02-19
773,773,saque,1204.15,2025-03-11
774,774,transferência,3959.17,2025-02-09
775,775,saque,4010.96,2025-01-11
776,776,saque,271.53,2025-03-09
777,777,depósito,3956.49,2025-01-27
778,778,transferência,803.30,2025-01-18
779,779,transferência,4270.42,2025-04-24
780,780,transferência,156.38,2025-03-09
781,781,depósito,1511.01,2025-02-20
782,782,depósito,4154.95,2025-03-17
783,783,depósito,455.53,2025-03-04
784,784,saque,3097.87,2025-03-23
785,785,saque,2368.32,2025-05-11
786,786,transferência,1813.32,2025-04-21
787,787,saque,2736.61,2025-04-18
788,788,transferência,1848.65,2025-05-11
789,789,transferência,4414.50,2025-02-12
790,790,saque,1641.71,2025-03-19
791,791,transferência,2421.49,2025-05-01
792,792,transferência,98.40,2025-02-21
793,793,transferência,2334.52,2025-01-08
794,794,depósito,4279.40,2025-04-18
795,795,depósito,2803.32,2025-01-21
796,796,depósito,4398.71,2025-04-22
797,797,transferência,2371.81,2025-02-16
798,798,saque,271.01,2025-05-10
799,799,saque,1412.58,2025-02-02
800,800,saque,3704.72,2025-03-22
801,801,saque,237.39,2025-04-22
802,802,depósito,2127.30,2025-02-16
803,803,depósito,1061.79,2025-01-11
804,804,transferência,4082.24,2025-04-26
805,805,depósito,517.01,2025-02-06
806,806,transferência,258.61,2025-02-05
807,807,saque,486.37,2025-05-06
808,808,transferência,1079.27,2025-03-27
809,809,depósito,3492.86,2025-04-20
810,810,transferência,3753.07,2025-05-05
811,811,transferência,1673.00,2025-04-18
812,812,transferência,1963.04,2025-02-04
813,813,depósito,663.50,2025-05-03
814,814,depósito,114.38,2025-02-23
815,815,depósito,3012.23,2025-01-07
816,816,transferência,2237.41,2025-03-02
817,817,saque,3446.19,2025-03-30
818,818,saque,1078.41,2025-03-11
819,819,depósito,2603.89,2025-02-21
820,820,saque,2886.39,2025-01-17
821,821,depósito,3410.94,2025-01-10
822,822,depósito,668.96,2025-03-28
823,823,saque,935.96,2025-05-09
824,824,transferência,149.67,2025-04-21
825,825,saque,2998.61,2025-04-28
826,826,depósito,4911.00,2025-03-15
827,827,saque,677.52,2025-04-05
828,828,saque,2064.37,2025-04-09
829,829,depósito,524.95,2025-01-06
830,830,saque,4519.91,2025-01-22
831,831,depósito,176.89,2025-02-24
832,832,saque,4918.36,2025-01-02
833,833,depósito,699.28,2025-02-26
834,834,transferência,1272.83,2025-04-21
835,835,saque,3715.77,2025-04-05
836,836,depósito,932.11,2025-03-15
837,837,depósito,2834.72,2025-03-02
838,838,depósito,4137.61,2025-05-03
839,839,saque,1478.82,2025-02-18
840,840,saque,1080.39,2025-03-18
841,841,transferência,1912.74,2025-02-12
842,842,depósito,1971.01,2025-02-06
843,843,transferência,3144.53,2025-04-09
844,844,transferência,850.67,2025-03-31
845,845,saque,1201.44,2025-04-27
846,846,transferência,4071.23,2025-04-28
847,847,saque,971.38,2025-05-12
848,848,transferência,547.01,2025-02-19
849,849,depósito,4451.01,2025-04-28
850,850,depósito,2837.60,2025-02-26
851,851,transferência,2245.84,2025-02-10
852,852,transferência,1737.76,2025-02-21
853,853,saque,863.33,2025-01-23
854,854,depósito,2754.64,2025-03-08
855,855,transferência,4001.03,2025-02-15
856,856,depósito,661.92,2025-03-03
857,857,transferência,2057.64,2025-05-03
858,858,transferência,4748.17,2025-01-24
859,859,transferência,3574.48,2025-02-10
860,860,depósito,3809.03,2025-05-03
861,861,saque,4536.39,2025-01-13
862,862,saque,2855.76,2025-04-13
863,863,transferência,4425.21,2025-04-29
864,864,transferência,3375.36,2025-03-17
865,865,transferência,114.28,2025-01-18
866,866,transferência,57.84,2025-01-15
867,867,depósito,2927.45,2025-05-05
868,868,transferência,2569.10,2025-01-17
869,869,transferência,4167.32,2025-01-22
870,870,transferência,1512.03,2025-01-26
871,871,transferência,2847.82,2025-01-07
872,872,depósito,2449.96,2025-03-01
873,873,saque,2051.73,2025-03-17
874,874,transferência,2448.40,2025-04-26
875,875,depósito,357.81,2025-05-12
876,876,saque,2195.20,2025-03-04
877,877,transferência,4288.99,2025-05-11
878,878,depósito,4901.30,2025-01-15
879,879,saque,4091.68,2025-03-14
880,880,depósito,1676.60,2025-04-17
881,881,transferência,4956.74,2025-03-18
882,882,transferência,2790.90,2025-01-14
883,883,depósito,3270.16,2025-02-07
884,884,depósito,1053.45,2025-01-09
885,885,transferência,4173.14,2025-03-27
886,886,transferência,2933.01,2025-03-16
887,887,depósito,4639.82,2025-04-18
888,888,saque,1036.72,2025-04-04
889,889,saque,4218.58,2025-04-05
890,890,saque,4966.35,2025-02-26
891,891,transferência,4649.63,2025-01-21
892,892,transferência,1218.07,2025-01-06
893,893,transferência,1623.32,2025-02-09
894,894,saque,3752.38,2025-02-14
895,895,transferência,4505.66,2025-03-24
896,896,saque,3872.75,2025-04-17
897,897,depósito,4417.37,2025-04-28
898,898,depósito,4448.13,2025-01-03
899,899,saque,4916.71,2025-03-05
900,900,transferência,926.83,2025-01-03
901,901,transferência,3003.37,2025-01-12
902,902,saque,4220.71,2025-03-03
903,903,depósito,729.32,2025-01-15
904,904,depósito,2311.00,2025-03-06
905,905,depósito,1516.28,2025-02-24
906,906,depósito,1692.34,2025-01-30
907,907,saque,3122.56,2025-03-06
908,908,depósito,2064.62,2025-01-24
909,909,saque,407.06,2025-04-10
910,910,depósito,4784.87,2025-01-30
911,911,transferência,694.00,2025-04-22
912,912,transferência,3175.70,2025-04-05
913,913,depósito,1630.27,2025-02-25
914,914,transferência,583.33,2025-01-31
915,915,transferência,2489.31,2025-01-02
916,916,depósito,3644.85,2025-03-27
917,917,transferência,4431.79,2025-04-01
918,918,depósito,2400.46,2025-02-11
919,919,transferência,1328.29,2025-02-05
920,920,depósito,1779.92,2025-02-04
921,921,saque,4002.82,2025-01-11
922,922,depósito,3442.53,2025-01-06
923,923,transferência,2899.75,2025-03-03
924,924,transferência,488.59,2025-04-27
925,925,saque,3812.48,2025-03-10
926,926,saque,2235.74,2025-01-23
927,927,depósito,2315.93,2025-05-10
928,928,depósito,3063.12,2025-05-05
929,929,saque,4663.99,2025-02-05
930,930,transferência,4019.76,2025-03-14
931,931,transferência,843.62,2025-03-18
932,932,saque,1872.23,2025-02-11
933,933,transferência,1888.96,2025-02-02
934,934,saque,3640.33,2025-02-11
935,935,saque,4805.19,2025-02-09
936,936,depósito,2507.78,2025-01-06
937,937,saque,3820.57,2025-04-12
938,938,transferência,4068.65,2025-01-31
939,939,transferência,4854.83,2025-04-14
940,940,depósito,3296.87,2025-03-15
941,941,saque,215.18,2025-03-10
942,942,depósito,580.41,2025-03-23
943,943,saque,1947.27,2025-01-03
944,944,depósito,2338.15,2025-02-05
945,945,depósito,3490.25,2025-02-13
946,946,saque,803.77,2025-05-03
947,947,depósito,1598.28,2025-01-31
948,948,saque,312.18,2025-04-16
949,949,depósito,2089.14,2025-01-12
950,950,depósito,4699.52,2025-05-12
951,951,transferência,701.48,2025-02-19
952,952,depósito,343.33,2025-01-28
953,953,depósito,3789.67,2025-03-21
954,954,transferência,293.96,2025-03-20
955,955,depósito,3505.93,2025-03-13
956,956,depósito,888.43,2025-03-16
957,957,saque,2459.16,2025-04-04
958,958,transferência,3192.26,2025-05-04
959,959,depósito,4593.72,2025-04-12
960,960,depósito,3969.15,2025-04-27
961,961,saque,4962.89,2025-03-22
962,962,transferência,1322.23,2025-04-17
963,963,transferência,1307.88,2025-01-24
964,964,depósito,4905.59,2025-04-13
965,965,transferência,1091.14,2025-01-09
966,966,transferência,2828.82,2025-02-05
967,967,transferência,1333.11,2025-04-15
968,968,saque,4343.27,2025-01-22
969,969,depósito,1340.34,2025-04-25
970,970,depósito,1353.35,2025-01-23
971,971,depósito,4039.94,2025-03-25
972,972,transferência,2540.33,2025-01-21
973,973,transferência,302.71,2025-02-26
974,974,transferência,1551.46,2025-03-30
975,975,transferência,2610.84,2025-04-17
976,976,saque,4890.58,2025-01-01
977,977,depósito,1042.51,2025-01-03
978,978,saque,1040.72,2025-05-08
979,979,transferência,959.47,2025-05-08
980,980,saque,4469.12,2025-02-22
981,981,transferência,4203.65,2025-05-11
982,982,transferência,982.38,2025-04-02
983,983,depósito,750.43,2025-01-03
984,984,transferência,539.87,2025-01-27
985,985,depósito,4541.09,2025-01-03
986,986,depósito,3884.80,2025-02-15
987,987,transferência,1125.41,2025-02-28
988,988,depósito,2263.73,2025-03-23
989,989,transferência,1025.34,2025-02-09
990,990,depósito,2331.67,2025-01-15
991,991,depósito,4688.27,2025-05-04
992,992,saque,2732.87,2025-04-01
993,993,depósito,1878.46,2025-05-03
994,994,depósito,1459.89,2025-02-16
995,995,depósito,1736.01,2025-01-04
996,996,depósito,1847.58,2025-04-17
997,997,transferência,1935.40,2025-04-20
998,998,depósito,307.23,2025-02-11
999,999,depósito,4425.31,2025-04-07
1000,1000,transferência,2754.44,2025-01-15
